NB_POSTE;DEPARTEMENT;LOCALITE;SIGLE;DENOMINATION COMPLEMENTAIRE;NUMERO ETABLISSEMENT;GROUPEMENT;LATITUDE;LONGITUDE
1;1;AMBERIEU EN BUGEY;CLG;SAINT-EXUPERY;0010002X;Amberieu et environs;45.9608475114;5.3729257777
0;1;AMBERIEU EN BUGEY;LP;ALEXANDRE BERARD;0010001W;Amberieu et environs;45.9608475114;5.3729257777
0;1;AMBERIEU EN BUGEY;LYC;DE LA PLAINE DE L'AIN;0011194T;Amberieu et environs;45.9608475114;5.3729257777
1;1;ARBENT;CLG;JEAN ROSTAND;0010987T;Nantua et environs;46.2834936005;5.69061651221
0;1;ARTEMARE;CLG;DU VALROMEY;0010794H;Belley et environs;45.8695891748;5.69065283943
1;1;BAGE LA VILLE;CLG;ROGER POULNARD;0010005A;Bage la ville et environs;46.324336;4.948027
0;1;BELLEGARDE/VALSERINE;CLG;LOUIS DUMONT;0011066D;Nantua et environs;46.103632;5.810152
0;1;BELLEGARDE/VALSERINE;CLG;SAINT-EXUPERY;0010008D;Nantua et environs;46.103632;5.810152
1;1;BELLEGARDE/VALSERINE;LYC;SAINT-EXUPERY;0010006B;Nantua et environs;46.103632;5.810152
0;1;BELLEGARDE/VALSERINE;SEGPA;CLG SAINT-EXUPERY;0011334V;Nantua et environs;46.103632;5.810152
0;1;BELLEGARDE/VALSERINE;SEP;LPO SAINT-EXUPERY;0011347J;Nantua et environs;46.103632;5.810152
0;1;BELLEY;CLG;DU BUGEY;0011067E;Belley et environs;45.7494697806;5.68412365526
0;1;BELLEY;LP;DU BUGEY;0011010T;Belley et environs;45.7494697806;5.68412365526
0;1;BELLEY;LYC;DU BUGEY;10010 F;Belley et environs;45.7494697806;5.68412365526
0;1;BELLEY;SEGPA;CLG DU BUGEY;0011366E;Belley et environs;45.7494697806;5.68412365526
1;1;BELLIGNAT;LYC;ARBEZ CARME;0011119L;Nantua et environs;46.2373497134;5.6360052884
0;1;BELLIGNAT;SEP;LPO ARBEZ CARME;0011411D;Nantua et environs;46.2373497134;5.6360052884
0;1;BEYNOST;CLG;LOUIS ARMSTRONG;0011360Y;Montluel et environs;45.8390325448;4.99738002182
0;1;BOURG EN BRESSE;CLG;DE BROU;0010823P;Bourg en Bresse et environs;46.2051520382;5.24602125501
0;1;BOURG EN BRESSE;CLG;DU REVERMONT;0010018P;Bourg en Bresse et environs;46.2051520382;5.24602125501
0;1;BOURG EN BRESSE;CLG;THOMAS RIBOUD;11275 F;Bourg en Bresse et environs;46.2051520382;5.24602125501
1;1;BOURG EN BRESSE;CLG;VICTOIRE DAUBIE;0010974D;Bourg en Bresse et environs;46.2051520382;5.24602125501
0;1;BOURG EN BRESSE;EREA;PHILIBERT COMMERSON;0010966V;Bourg en Bresse et environs;46.2051520382;5.24602125501
0;1;BOURG EN BRESSE;LP;GABRIEL VOISIN;0011118K;Bourg en Bresse et environs;46.2051520382;5.24602125501
0;1;BOURG EN BRESSE;LP;MARCELLE PARDE;0010021T;Bourg en Bresse et environs;46.2051520382;5.24602125501
0;1;BOURG EN BRESSE;LYC;EDGAR QUINET;0010014K;Bourg en Bresse et environs;46.2051520382;5.24602125501
0;1;BOURG EN BRESSE;LYC;JOSEPH-MARIE CARRIAT;0010016M;Bourg en Bresse et environs;46.2051520382;5.24602125501
0;1;BOURG EN BRESSE;LYC;LALANDE;0010013J;Bourg en Bresse et environs;46.2051520382;5.24602125501
0;1;BOURG EN BRESSE;SEGPA;CLG VICTOIRE DAUBIE;0010988U;Bourg en Bresse et environs;46.2051520382;5.24602125501
0;1;BOURG EN BRESSE;SEP;LPO JOSEPH-MARIE CARRIAT;0010017N;Bourg en Bresse et environs;46.2051520382;5.24602125501
0;1;BRIORD;CLG;CLG DE BRIORD;0011429Y;Belley et environs;45.7708330939;5.48537461884
0;1;CEYZERIAT;CLG;LUCIE AUBRAC;0011387C;Bourg en Bresse et environs;46.1832170988;5.32007207542
0;1;CHANAY;CURE;CENTRE MGEN;0010212A;;46.005695299;5.76893393185
0;1;CHATILLON SUR CHALARONNE;CLG;EUGENE DUBOIS;0010821M;Bourg en Bresse et environs & Chatillon-sur-Chalaronne;46.1232390685;4.95810003714
0;1;CHATILLON SUR CHALARONNE;LP;GEORGES CHARPAK;0010020S;Bourg en Bresse et environs & Chatillon-sur-Chalaronne;46.1232390685;4.95810003714
0;1;COLIGNY;CLG;LE GRAND CEDRE;0011071J;Bourg en Bresse et environs;46.3866637865;5.3308227014
0;1;CULOZ;CLG;HENRI DUNANT;0010022U;Belley et environs;45.8559966843;5.78398308932
0;1;DAGNEUX;CLG;MARCEL AYME;0011142L;Montluel et environs;45.8531616918;5.07289166803
1;1;DIVONNE LES BAINS;CLG;MARCEL ANTHONIOZ;0011011U;Gex et environs;46.3756333495;6.1158647611
0;1;FERNEY VOLTAIRE;CLG;INTERNATIONAL;0010896U;Gex et environs;46.2519789243;6.10826403805
1;1;FERNEY VOLTAIRE;LYC;INTERNATIONAL;0010072Y;Gex et environs;46.2519789243;6.10826403805
0;1;FERNEY VOLTAIRE;SEP;INTERNATIONAL;0011425U;Gex et environs;46.2519789243;6.10826403805
0;1;GEX;CLG;GEORGES CHARPAK;0010024W;Gex et environs;46.3471891747;6.04650555568
1;1;GEX;SEGPA;CLG  GEORGES CHARPAK;0011012V;Gex et environs;46.3471891747;6.04650555568
0;1;HAUTEVILLE LOMPNES;CLG;PAUL SIXDENIER;0010025X;Amberieu et environs;45.975945;5.591766
0;1;JASSANS RIOTTIER;CLG;LEON-MARIE FOURNET;0011193S;Chatillon-sur-Chalaronne;45.9777239103;4.75984637871
0;1;JASSANS RIOTTIER;SEGPA;CLG LEON-MARIE FOURNET;0011195U;Chatillon-sur-Chalaronne;45.9777239103;4.75984637871
0;1;LA BOISSE;LYC;DE LA COTIERE;0011326L;Montluel et environs;45.8446213549;5.02783224111
0;1;LAGNIEU;CLG;PAUL CLAUDEL;0010026Y;Amberieu et environs;45.8917015798;5.32917518895
0;1;LEYMENT;CLG;DE LA PLAINE DE L'AIN;0011300H;Amberieu et environs;45.9269989549;5.2947657235
0;1;MEXIMIEUX;CLG;VAUGELAS;0010041P;Amberieu et environs;45.9060530318;5.20404833653
0;1;MEXIMIEUX;SEGPA;CLG VAUGELAS;0010054D;Amberieu et environs;45.9060530318;5.20404833653
0;1;MIRIBEL;CLG;ANNE FRANK;0010964T;Montluel et environs;45.8442099203;4.94106746787
0;1;MIRIBEL;SEGPA;CLG ANNE FRANK;0011102T;Montluel et environs;45.8442099203;4.94106746787
0;1;MONTCEAUX;CLG;;0011415H;Chatillon-sur-Chalaronne;46.0962893261;4.80453564172
1;1;MONTLUEL;CLG;EMILE CIZAIN;0010796K;Montluel et environs;45.8909006209;5.01987566185
1;1;MONTREAL LA CLUSE;CLG;THEODORE ROSSET;0011325K;Nantua et environs;46.1795688194;5.59510550127
0;1;MONTREVEL EN BRESSE;CLG;DE L'HUPPE;0010895T;Bourg en Bresse et environs;46.3252811442;5.11295966315
0;1;NANTUA;CLG;XAVIER BICHAT;11068 F;Nantua et environs;46.1537845403;5.61352793799
0;1;NANTUA;LYC;XAVIER BICHAT;0010032E;Nantua et environs;46.1537845403;5.61352793799
0;1;NANTUA;SEP;LPO XAVIER BICHAT;0011280L;Nantua et environs;46.1537845403;5.61352793799
0;1;NANTUA;SEP;LPO XAVIER BICHAT;0011280L;Nantua et environs;46.1537845403;5.61352793799
0;1;OYONNAX;CLG;AMPERE;0010802S;Nantua et environs;46.2605435859;5.65344320923
0;1;OYONNAX;CLG;AMPERE;0010802S;Nantua et environs;46.2605435859;5.65344320923
0;1;OYONNAX;CLG;AMPERE;0010802S;Nantua et environs;46.2605435859;5.65344320923
0;1;OYONNAX;CLG;LOUIS LUMIERE;0010035H;Nantua et environs;46.2605435859;5.65344320923
0;1;OYONNAX;CLG;LOUIS LUMIERE;0010035H;Nantua et environs;46.2605435859;5.65344320923
0;1;OYONNAX;CLG;LOUIS LUMIERE;0010035H;Nantua et environs;46.2605435859;5.65344320923
0;1;OYONNAX;LYC;PAUL PAINLEVE;0010034G;Nantua et environs;46.2605435859;5.65344320923
0;1;OYONNAX;LYC;PAUL PAINLEVE;0010034G;Nantua et environs;46.2605435859;5.65344320923
0;1;OYONNAX;LYC;PAUL PAINLEVE;0010034G;Nantua et environs;46.2605435859;5.65344320923
0;1;OYONNAX;SEGPA;CLG AMPERE;0010806W;Nantua et environs;46.2605435859;5.65344320923
0;1;OYONNAX;SEGPA;CLG AMPERE;0010806W;Nantua et environs;46.2605435859;5.65344320923
0;1;OYONNAX;SEGPA;CLG AMPERE;0010806W;Nantua et environs;46.2605435859;5.65344320923
0;1;OYONNAX;SEP;LPO PAUL PAINLEVE;0011281M;Nantua et environs;46.2605435859;5.65344320923
0;1;OYONNAX;SEP;LPO PAUL PAINLEVE;0011281M;Nantua et environs;46.2605435859;5.65344320923
0;1;OYONNAX;SEP;LPO PAUL PAINLEVE;0011281M;Nantua et environs;46.2605435859;5.65344320923
0;1;PERON;CLG;;0011388D;Gex et environs;46.1913554154;5.91968751164
0;1;PERONNAS;CLG;LES COTES;0010938P;Bourg en Bresse et environs;46.1711903413;5.21802169564
0;1;PERONNAS;SEGPA;CLG LES COTES;0010963S;Bourg en Bresse et environs;46.1711903413;5.21802169564
P;1;PONCIN;CLG;ROGER VAILLAND;0010036J;Pont d’Ain et environs;46.089530586;5.41681266947
0;1;PONT D AIN;CLG;LOUISE DE SAVOIE;0010037K;Pont d’Ain et environs;46.0542077091;5.34703652618
0;1;PONT DE VAUX;CLG;ANTOINE CHINTREUIL;0011070H;Bage la ville et environs;46.4422864477;4.92862459427
0;1;PONT DE VEYLE;CLG;GEORGE SAND;0010820L;Bage la ville et environs & Chatillon-sur-Chalaronne;46.2637215091;4.88186068102
0;1;PREVESSIN MOENS;CLG;LE JORAN;0011301J;Gex et environs;46.25827228;6.07223251859
0;1;PREVESSIN MOENS;CLG;LE JORAN;0011301J;Gex et environs;46.25827228;6.07223251859
0;1;REYRIEUX;CLG;JEAN COMPAGNON;0011338Z;Chatillon-sur-Chalaronne;45.9367652442;4.82840395968
0;1;SAINT ANDRE DE CORCY;CLG;DE LA DOMBES;0011257L;Montluel et environs;45.926832;4.950312
0;1;SAINT DENIS LES BOURG;CLG;YVON MORANDAT;0011333U;Bourg en Bresse et environs;46.207832;5.191203
P;1;SAINT GENIS POUILLY;CLG;JACQUES PREVERT;0010975E;Gex et environs;46.254458;6.035038
0;1;SAINT RAMBERT EN BUGEY;CLG;DE L'ALBARINE;0010039M;Amberieu et environs;45.948156;5.438171
0;1;SAINT TRIVIER DE COURTES;CLG;LOUIS VUITTON;0010040N;Bage la ville et environs;46.461088;5.075763
0;1;THOISSEY;CLG;BEL AIR;0010042R;Bage la ville et environs & Chatillon-sur-Chalaronne;46.1700943481;4.79387095814
0;1;TREVOUX;CLG;JEAN MOULIN;0010066S;Chatillon-sur-Chalaronne;45.940671655;4.7714415007
0;1;TREVOUX;LYC;DU VAL DE SAONE;0011276G;Chatillon-sur-Chalaronne;45.940671655;4.7714415007
1;1;VILLARS LES DOMBES;CLG;LEON COMAS;0010939R;Chatillon-sur-Chalaronne;45.9927150222;5.04507856642
0;1;VONNAS;CLG;DU RENON;0010046V;Bourg en Bresse et environs & Chatillon-sur-Chalaronne;46.2168871367;4.99744373712
0;69;AMPLEPUIS;CLG;EUGENIE DE POMEY;0690001B;Thizy et environs;45.9651984924;4.32676291669
0;69;ANSE;CLG;ASA PAULINI;0690002C;Villefranche sur saone et environs;45.9422570443;4.70796670026
0;69;BEAUJEU;CLG;DU VAL D'ARDIERE;690005 F;Beaujeu et environs;46.1564039833;4.58394359167
0;69;BELLEVILLE;CLG;EMILE ZOLA;0690007H;Villefranche sur saone et environs;46.107485;4.741927
0;69;BELLEVILLE;LYC;AIGUERANDE;0693734J;Villefranche sur saone et environs;46.107485;4.741927
0;69;BELLEVILLE;SEGPA;CLG EMILE ZOLA;0694096C;Villefranche sur saone et environs;46.107485;4.741927
0;69;BELLEVILLE;SEP;LPO AIGUERANDE;0693809R;Villefranche sur saone et environs;46.107485;4.741927
0;69;BRIGNAIS;CLG;JEAN ZAY;0692582G;Secteur sud de Lyon;45.678117475;4.75268787981
0;69;BRIGNAIS;LP;GUSTAVE EIFFEL;0690008J;Secteur sud de Lyon;45.678117475;4.75268787981
1;69;BRINDAS;CLG;GEORGES CHARPAK;0693890D;Secteur ouest de Lyon;45.7203432265;4.70291458625
0;69;BRON;CLG;JOLIOT CURIE;0691479H;Secteur est de Lyon;45.7344856902;4.91168159471
0;69;BRON;CLG;PABLO PICASSO;0692576A;Secteur est de Lyon;45.7344856902;4.91168159471
0;69;BRON;CLG;THEODORE MONOD;0693834T;Secteur est de Lyon;45.7344856902;4.91168159471
0;69;BRON;LP;EMILE BEJUIT (AUTOMOBILE);0690105P;Secteur est de Lyon;45.7344856902;4.91168159471
0;69;BRON;LP;TONY GARNIER;0690010L;Secteur est de Lyon;45.7344856902;4.91168159471
0;69;BRON;LYC;JEAN-PAUL SARTRE;0693044J;Secteur est de Lyon;45.7344856902;4.91168159471
0;69;BRON;SEGPA;CLG PABLO PICASSO;0692577B;Secteur est de Lyon;45.7344856902;4.91168159471
0;69;CALUIRE ET CUIRE;CLG;ANDRE LASSAGNE;0691728D;Secteur nord de Lyon;45.7974053648;4.85124857101
0;69;CALUIRE ET CUIRE;CLG;CHARLES SENARD;0692410V;Secteur nord de Lyon;45.7974053648;4.85124857101
0;69;CALUIRE ET CUIRE;CLG;ELIE VIGNAL;0692165D;Secteur nord de Lyon;45.7974053648;4.85124857101
0;69;CALUIRE ET CUIRE;LP;ANDRE CUZIN;0692968B;Secteur nord de Lyon;45.7974053648;4.85124857101
0;69;CALUIRE ET CUIRE;SEGPA;CLG ANDRE LASSAGNE;0691729E;Secteur nord de Lyon;45.7974053648;4.85124857101
1;69;CHAMPAGNE AU MONT D OR;CLG;JEAN-PHILIPPE RAMEAU;0692414Z;Secteur ouest de Lyon;45.7983650854;4.78668207794
0;69;CHAMPAGNE AU MONT D OR;SEGPA;CLG JEAN-PHILIPPE RAMEAU;0691797D;Secteur ouest de Lyon;45.7983650854;4.78668207794
0;69;CHAPONOST;CLG;FRANCOISE DOLTO;0693365H;Secteur ouest de Lyon;45.7088623324;4.74547903701
0;69;CHARBONNIERES LES BAINS;LYC;BLAISE PASCAL;0693518Z;Secteur ouest de Lyon;45.7797061972;4.74328937073
0;69;CHASSIEU;CLG;LEONARD DE VINCI;0691614E;Secteur est de Lyon;45.7376148968;4.96172914286
0;69;CHATILLON SUR AZERGUES;CLG;SIMONE VEIL;0693975W;L’arbresle et environs;45.874265;4.645591
0;69;CHAZAY D AZERGUES;CLG;ALEXIS KANDELAFT;0692448L;L’arbresle et environs;45.8763096867;4.70920946786
0;69;COMMUNAY;CLG;HECTOR BERLIOZ;0693092L;Givors et environs;45.5981602115;4.83863440374
0;69;CONDRIEU;CLG;LE BASSENON;0690015S;Givors et environs;45.4743083818;4.75671075164
0;69;CORBAS;CLG;RENE CASSIN;0692898A;Secteur est de Lyon;45.6680498711;4.90843949215
0;69;COURS LA VILLE;CLG;FRANCOIS BROSSETTE;0690016T;Thizy et environs;46.108895;4.337127
0;69;CRAPONNE;CLG;JEAN ROSTAND;0692422H;Secteur ouest de Lyon;45.7462853462;4.72672357999
0;69;DARDILLY;LYC;FRANCOIS RABELAIS;0693504J;Secteur ouest de Lyon;45.8120018662;4.74663974001
0;69;DARDILLY;SEP;LPO FRANCOIS RABELAIS;0692516K;Secteur ouest de Lyon;45.8120018662;4.74663974001
0;69;DECINES CHARPIEU;CLG;GEORGES BRASSENS;0692157V;Secteur est de Lyon;45.7717277447;4.96142704635
0;69;DECINES CHARPIEU;CLG;GEORGES BRASSENS;0692157V;Secteur est de Lyon;45.7717277447;4.96142704635
0;69;DECINES CHARPIEU;CLG;MARYSE BASTIE;0691495A;Secteur est de Lyon;45.7717277447;4.96142704635
0;69;DECINES CHARPIEU;CLG;MARYSE BASTIE;0691495A;Secteur est de Lyon;45.7717277447;4.96142704635
0;69;DECINES CHARPIEU;LYC;CHARLIE CHAPLIN;0692800U;Secteur est de Lyon;45.7717277447;4.96142704635
0;69;DECINES CHARPIEU;LYC;CHARLIE CHAPLIN;0692800U;Secteur est de Lyon;45.7717277447;4.96142704635
0;69;DECINES CHARPIEU;SEGPA;CLG GEORGES BRASSENS;0692158W;Secteur est de Lyon;45.7717277447;4.96142704635
0;69;DECINES CHARPIEU;SEGPA;CLG GEORGES BRASSENS;0692158W;Secteur est de Lyon;45.7717277447;4.96142704635
0;69;DECINES CHARPIEU;SEP;LPO CHARLIE CHAPLIN;0694095B;Secteur est de Lyon;45.7717277447;4.96142704635
0;69;DECINES CHARPIEU;SEP;LPO CHARLIE CHAPLIN;0694095B;Secteur est de Lyon;45.7717277447;4.96142704635
0;69;ECULLY;CLG;LAURENT MOURGUET;0691481K;Secteur ouest de Lyon;45.7821499466;4.7721681177
0;69;ECULLY;LP;FRANCOIS CEVERT;0693095P;Secteur ouest de Lyon;45.7821499466;4.7721681177
0;69;FEYZIN;CLG;FREDERIC MISTRAL;0692520P;Secteur est de Lyon;45.6730630785;4.85725794932
0;69;FONTAINES SUR SAONE;CLG;JEAN DE TOURNES;0691736M;Secteur nord de Lyon;45.8282811054;4.85664595594
0;69;FRANCHEVILLE;CLG;CHRISTIANE BERNARDIN;0694151M;Secteur ouest de Lyon;45.7378794318;4.75508314041
1;69;GENAS;CLG;LOUIS LEPRINCE RINGUET;0693331W;Secteur est de Lyon;45.7297209932;5.01590344241
0;69;GIVORS;CLG;LUCIE AUBRAC;0691483M;Givors et environs;45.5816626973;4.7572616296
0;69;GIVORS;CLG;PAUL VALLON;0692583H;Givors et environs;45.5816626973;4.7572616296
0;69;GIVORS;LP;DANIELLE CASANOVA;0690018V;Givors et environs;45.5816626973;4.7572616296
1;69;GIVORS;LYC;ARAGON PICASSO;0693330V;Givors et environs;45.5816626973;4.7572616296
0;69;GIVORS;SEGPA;CLG PAUL VALLON;0692702M;Givors et environs;45.5816626973;4.7572616296
0;69;GIVORS;SEP;LPO ARAGON PICASSO;0693200D;Givors et environs;45.5816626973;4.7572616296
0;69;GRIGNY;CLG;EMILE MALFROY;0692419E;Givors et environs;45.6080535265;4.78645083138
0;69;GRIGNY;SEGPA;CLG EMILE MALFROY;0692424K;Givors et environs;45.6080535265;4.78645083138
0;69;IRIGNY;CLG;DAISY GEORGES MARTIN;0691824H;Secteur sud de Lyon;45.6748390924;4.81819594216
0;69;LAMURE SUR AZERGUES;CLG;DE LA HAUTE AZERGUES;0690022Z;Beaujeu et environs;46.0528953737;4.50887540791
0;69;L'ARBRESLE;CLG;LES QUATRE VENTS;0691482L;L’arbresle et environs;45.836277;4.613769
0;69;L'ARBRESLE;LP;BARTHELEMY THIMONNIER;0690003D;L’arbresle et environs;45.836277;4.613769
0;69;L'ARBRESLE;SEGPA;CLG LES QUATRE VENTS;0692701L;L’arbresle et environs;45.836277;4.613769
0;69;LE BOIS D OINGT;CLG;LES PIERRES DOREES;0691674V;L’arbresle et environs;45.931812;4.573321
0;69;LENTILLY;CLG;JACQUES COEUR;0693286X;L’arbresle et environs;45.812542419;4.67106123334
1;69;LIMAS;CLG;MAURICE UTRILLO;692420 F;Villefranche sur saone et environs;45.9720377921;4.71919087739
0;69;LIMAS;SEGPA;CLG MAURICE UTRILLO;0692421G;Villefranche sur saone et environs;45.9720377921;4.71919087739
0;69;LYON 01;CLG;"SITE DE LA ""TOURETTE""";694191 F;Secteur nord de Lyon;45.7699284397;4.82922464978
0;69;LYON 01;LP;DIDEROT;0690048C;Secteur nord de Lyon;45.7699284397;4.82922464978
0;69;LYON 01;LP;JACQUES DE FLESSELLES;0690043X;Secteur nord de Lyon;45.7699284397;4.82922464978
0;69;LYON 01;LYC;LA MARTINIERE DIDEROT;0690037R;Secteur nord de Lyon;45.7699284397;4.82922464978
0;69;LYON 02;CLG;AMPERE;0692693C;Secteur sud de Lyon;45.7492560394;4.82617032549
0;69;LYON 02;CLG;JEAN MONNET;0692334M;Secteur sud de Lyon;45.7492560394;4.82617032549
0;69;LYON 02;LYC;AMPERE;0690023A;Secteur sud de Lyon;45.7492560394;4.82617032549
0;69;LYON 02;LYC;JULIETTE RECAMIER;0690032K;Secteur sud de Lyon;45.7492560394;4.82617032549
0;69;LYON 03;CLG;GILBERT DRU;694007 F;Secteur est de Lyon;45.7533552486;4.86918522013
0;69;LYON 03;CLG;LACASSAGNE;0692695E;Secteur est de Lyon;45.7533552486;4.86918522013
0;69;LYON 03;CLG;MOLIERE;0692411W;Secteur est de Lyon;45.7533552486;4.86918522013
0;69;LYON 03;CLG;PROFESSEUR DARGENT;0690053H;Secteur est de Lyon;45.7533552486;4.86918522013
0;69;LYON 03;CLG;RAOUL DUFY;0690131T;Secteur est de Lyon;45.7533552486;4.86918522013
0;69;LYON 03;LYC;LACASSAGNE;0690029G;Secteur est de Lyon;45.7533552486;4.86918522013
0;69;LYON 03;SEGPA;CLG PROFESSEUR DARGENT;0692864N;Secteur est de Lyon;45.7533552486;4.86918522013
0;69;LYON 04;CLG;ANTOINE DE SAINT-EXUPERY;0692694D;Secteur nord de Lyon;45.7786867581;4.82396112689
0;69;LYON 04;CLG;CLEMENT MAROT;0691662G;Secteur nord de Lyon;45.7786867581;4.82396112689
0;69;LYON 04;LP;CAMILLE CLAUDEL;0690125L;Secteur nord de Lyon;45.7786867581;4.82396112689
0;69;LYON 04;LYC;ANTOINE DE SAINT-EXUPERY;0690031J;Secteur nord de Lyon;45.7786867581;4.82396112689
0;69;LYON 05;CLG;JEAN CHARCOT;0691670R;Secteur ouest de Lyon;45.7558317849;4.8022536949
0;69;LYON 05;CLG;JEAN MOULIN;692696 F;Secteur ouest de Lyon;45.7558317849;4.8022536949
0;69;LYON 05;CLG;LES BATTIERES;0691798E;Secteur ouest de Lyon;45.7558317849;4.8022536949
0;69;LYON 05;LYC;EDOUARD BRANLY;0690128P;Secteur ouest de Lyon;45.7558317849;4.8022536949
0;69;LYON 05;LYC;SAINT JUST;690028 F;Secteur ouest de Lyon;45.7558317849;4.8022536949
0;69;LYON 05;SEGPA;CLG JEAN CHARCOT;0691731G;Secteur ouest de Lyon;45.7558317849;4.8022536949
0;69;LYON 05;SEP;LPO EDOUARD BRANLY;0693909Z;Secteur ouest de Lyon;45.7558317849;4.8022536949
0;69;LYON 06;CLG;BELLECOMBE;0691663H;Secteur nord de Lyon;45.7728507239;4.85207911437
0;69;LYON 06;CLG;VENDOME;0692338S;Secteur nord de Lyon;45.7728507239;4.85207911437
0;69;LYON 06;LYC;DU PARC;0690026D;Secteur nord de Lyon;45.7728507239;4.85207911437
P;69;LYON 06;LYC;EDOUARD HERRIOT;0690027E;Secteur nord de Lyon;45.7728507239;4.85207911437
0;69;LYON 07;CLG;CITE SCOL. INTERNATIONALE;0693479G;Secteur sud de Lyon;45.7334098415;4.83758495703
1;69;LYON 07;CLG;GABRIEL ROSSET;0692578C;Secteur sud de Lyon;45.7334098415;4.83758495703
0;69;LYON 07;CLG;GEORGES CLEMENCEAU;0692339T;Secteur sud de Lyon;45.7334098415;4.83758495703
0;69;LYON 07;LP;LOUISE LABE;0690046A;Secteur sud de Lyon;45.7334098415;4.83758495703
0;69;LYON 07;LYC;CITE SCOL. INTERNATIONALE;0693446W;Secteur sud de Lyon;45.7334098415;4.83758495703
0;69;LYON 07;LYC;HECTOR GUIMARD;0690040U;Secteur sud de Lyon;45.7334098415;4.83758495703
0;69;LYON 07;SEGPA;CLG GEORGES CLEMENCEAU;0692412X;Secteur sud de Lyon;45.7334098415;4.83758495703
0;69;LYON 07;SEP;LPO HECTOR GUIMARD;0693487R;Secteur sud de Lyon;45.7334098415;4.83758495703
0;69;LYON 08;CLG;HENRI LONGCHAMBON;0692340U;Secteur est de Lyon;45.7342034691;4.86935722305
0;69;LYON 08;CLG;JEAN MERMOZ;0690060R;Secteur est de Lyon;45.7342034691;4.86935722305
0;69;LYON 08;CLG;RUE CAZENEUVE;0694295U;Secteur est de Lyon;45.7342034691;4.86935722305
1;69;LYON 08;CLG;VICTOR GRIGNARD;0691669P;Secteur est de Lyon;45.7342034691;4.86935722305
0;69;LYON 08;LP;DU 1ER FILM;0690092A;Secteur est de Lyon;45.7342034691;4.86935722305
0;69;LYON 08;LP;JEAN LURCAT;0690045Z;Secteur est de Lyon;45.7342034691;4.86935722305
0;69;LYON 08;LYC;AUGUSTE ET LOUIS LUMIERE;0690035N;Secteur est de Lyon;45.7342034691;4.86935722305
0;69;LYON 08;LYC;COLBERT;0690042W;Secteur est de Lyon;45.7342034691;4.86935722305
0;69;LYON 08;LYC;LA MARTINIERE MONPLAISIR;0692866R;Secteur est de Lyon;45.7342034691;4.86935722305
0;69;LYON 08;SEGPA;CLG HENRI LONGCHAMBON;0692341V;Secteur est de Lyon;45.7342034691;4.86935722305
0;69;LYON 09;CLG;JEAN DE VERRAZANE;0692703N;Secteur ouest de Lyon;45.7817805887;4.80818327822
1;69;LYON 09;CLG;JEAN PERRIN;0692698H;Secteur ouest de Lyon;45.7817805887;4.80818327822
0;69;LYON 09;CLG;VICTOR SCHOELCHER;0690036P;Secteur ouest de Lyon;45.7817805887;4.80818327822
0;69;LYON 09;LYC;JEAN PERRIN;0690082P;Secteur ouest de Lyon;45.7817805887;4.80818327822
0;69;LYON 09;LYC;LA MARTINIERE  DUCHERE;0690038S;Secteur ouest de Lyon;45.7817805887;4.80818327822
0;69;LYON 09;SEGPA;CLG VICTOR SCHOELCHER;0691672T;Secteur ouest de Lyon;45.7817805887;4.80818327822
0;69;MEYZIEU;CLG;EVARISTE GALOIS;0692335N;Secteur est de Lyon;45.7770899686;5.00632679347
0;69;MEYZIEU;CLG;LES SERVIZIERES;0691668N;Secteur est de Lyon;45.7770899686;5.00632679347
0;69;MEYZIEU;CLG;OLIVIER DE SERRES;0692704P;Secteur est de Lyon;45.7770899686;5.00632679347
0;69;MEYZIEU;SEGPA;CLG EVARISTE GALOIS;0692352G;Secteur est de Lyon;45.7770899686;5.00632679347
0;69;MIONS;CLG;MARTIN LUTTER KING;0692579D;Secteur est de Lyon;45.6647373498;4.94915210897
0;69;MIONS;SEGPA;CLG MARTIN LUTTER KING;0692580E;Secteur est de Lyon;45.6647373498;4.94915210897
0;69;MONSOLS;CLG;MONT SAINT RIGAUD;0690070B;Beaujeu et environs;46.222282;4.517556
0;69;MORNANT;CLG;PIERRE DE RONSARD;0692346A;Givors et environs;45.6159773607;4.67379130422
0;69;MORNANT;CLG;PIERRE DE RONSARD;0692346A;Givors et environs;45.6159773607;4.67379130422
0;69;NEUVILLE SUR SAONE;CLG;JEAN RENOIR;0692423J;Secteur nord de Lyon;45.8829276204;4.84373616973
0;69;NEUVILLE SUR SAONE;LYC;ROSA PARKS;0694026B;Secteur nord de Lyon;45.8829276204;4.84373616973
0;69;NEUVILLE SUR SAONE;SEGPA;CLG JEAN RENOIR;0691780K;Secteur nord de Lyon;45.8829276204;4.84373616973
0;69;OULLINS;CLG;LA CLAVELIERE;0691673U;Secteur sud de Lyon;45.7149665543;4.80299453846
0;69;OULLINS;CLG;PIERRE BROSSOLETTE;0690075G;Secteur sud de Lyon;45.7149665543;4.80299453846
0;69;OULLINS;LP;EDMOND LABBE;0690129R;Secteur sud de Lyon;45.7149665543;4.80299453846
0;69;OULLINS;LP;JOSEPH-MARIE JACQUARD;690281 F;Secteur sud de Lyon;45.7149665543;4.80299453846
0;69;OULLINS;LYC;PARC CHABRIERES;690074 F;Secteur sud de Lyon;45.7149665543;4.80299453846
0;69;OULLINS;SEGPA;CLG PIERRE BROSSOLETTE;0692347B;Secteur sud de Lyon;45.7149665543;4.80299453846
0;69;PIERRE BENITE;CLG;MARCEL PAGNOL;0690076H;Secteur sud de Lyon;45.702202274;4.82705049921
1;69;RILLIEUX LA PAPE;CLG;MARIA CASARES;0691498D;Secteur nord de Lyon;45.8205988109;4.89822639815
1;69;RILLIEUX LA PAPE;CLG;PAUL-EMILE VICTOR;0692159X;Secteur nord de Lyon;45.8205988109;4.89822639815
0;69;RILLIEUX LA PAPE;LP;GEORGES LAMARQUE;0691626T;Secteur nord de Lyon;45.8205988109;4.89822639815
0;69;RILLIEUX LA PAPE;LP;SERMENAZ;0692518M;Secteur nord de Lyon;45.8205988109;4.89822639815
0;69;RILLIEUX LA PAPE;LYC;ALBERT CAMUS;0692517L;Secteur nord de Lyon;45.8205988109;4.89822639815
0;69;RILLIEUX LA PAPE;SEGPA;CLG PAUL-EMILE VICTOR;0692161Z;Secteur nord de Lyon;45.8205988109;4.89822639815
0;69;SAIN BEL;LYC;GERMAINE TILLION;0694069Y;L’arbresle et environs;45.8121205501;4.59925971252
0;69;SAINT FONS;CLG;ALAIN;0692342W;Secteur est de Lyon;45.706129;4.857216
0;69;SAINT FONS;SEGPA;CLG ALAIN;0692413Y;Secteur est de Lyon;45.706129;4.857216
0;69;SAINT GENIS LAVAL;CLG;JEAN GIONO;0692521R;Secteur sud de Lyon;45.694023;4.792342
0;69;SAINT GENIS LAVAL;CLG;PAUL D'AUBAREDE;0693287Y;Secteur sud de Lyon;45.694023;4.792342
0;69;SAINT GENIS LAVAL;LYC;RENE DESCARTES;0693654X;Secteur sud de Lyon;45.694023;4.792342
1;69;SAINT GEORGES DE RENEINS;CLG;BOIS FRANC;0690080M;Villefranche sur saone et environs;46.061446;4.721010
0;69;SAINT GEORGES DE RENEINS;SEGPA;CLG BOIS FRANC;0692798S;Villefranche sur saone et environs;46.061446;4.721010
0;69;SAINT LAURENT DE MURE;CLG;LOUIS LACHENAL;0692865P;Secteur est de Lyon;45.685971;5.045983
0;69;SAINT PRIEST;CLG;BORIS VIAN;0692417C;Secteur est de Lyon;45.698484;4.943284
0;69;SAINT PRIEST;CLG;COLETTE;0691497C;Secteur est de Lyon;45.698484;4.943284
0;69;SAINT PRIEST;CLG;GERARD PHILIPE;0692160Y;Secteur est de Lyon;45.698484;4.943284
0;69;SAINT PRIEST;LP;FERNAND FOREST;0693094N;Secteur est de Lyon;45.698484;4.943284
0;69;SAINT PRIEST;LYC;CONDORCET;693478 F;Secteur est de Lyon;45.698484;4.943284
0;69;SAINT PRIEST;SEGPA;CLG GERARD PHILIPE;0692162A;Secteur est de Lyon;45.698484;4.943284
0;69;SAINT SYMPHORIEN D OZON;CLG;JACQUES PREVERT;0691496B;Secteur est de Lyon;45.631001;4.855959
0;69;SAINTE FOY L'ARGENTIERE;CLG;VAL D'ARGENT;0690078K;L’arbresle et environs;45.707105;4.472336
0;69;SAINTE FOY LES LYON;CLG;LE PLAN DU LOUP;0691484N;Secteur ouest de Lyon;45.736311;4.798351
0;69;SAINTE FOY LES LYON;SEGPA;CLG LE PLAN DU LOUP;0690088W;Secteur ouest de Lyon;45.736311;4.798351
1;69;SAINT-MARTIN-EN-HAUT;CLG;LE PETIT PONT;0694092Y;Givors et environs;45.659367;4.559364
2;69;SAINT-PIERRE-DE-CHANDIEU;CLG;CHARLES DE GAULLE;0694227V;Secteur est de Lyon;45.642289;5.013128
0;69;SOUCIEU EN JARREST;CLG;LA PERRIERE;0693046L;Secteur sud de Lyon;45.6769698938;4.69227069505
0;69;TARARE;CLG;MARIE LAURENCIN;0692700K;L’arbresle et environs;45.9036535552;4.42375959345
0;69;TARARE;LP;JULES VERNE;0690130S;L’arbresle et environs;45.9036535552;4.42375959345
0;69;TARARE;LYC;RENE CASSIN;0690085T;L’arbresle et environs;45.9036535552;4.42375959345
0;69;TARARE;SEGPA;CLG MARIE LAURENCIN;0693528K;L’arbresle et environs;45.9036535552;4.42375959345
0;69;TASSIN LA DEMI LUNE;CLG;JEAN-JACQUES ROUSSEAU;0692163B;Secteur ouest de Lyon;45.7628681769;4.75540595543
0;69;THIZY-LES-BOURGS;CLG;LA PLATIERE;0692164C;Thizy et environs;46.032553;4.300581
0;69;THIZY-LES-BOURGS;LYC;FRANCOIS MANSART;0693566B;Thizy et environs;46.032553;4.300581
0;69;THIZY-LES-BOURGS;SEP;LPO FRANCOIS MANSART;0692450N;Thizy et environs;46.032553;4.300581
0;69;VAULX EN VELIN;CLG;AIME CESAIRE;0691666L;Secteur est de Lyon;45.7858821061;4.92637767698
0;69;VAULX EN VELIN;CLG;HENRI BARBUSSE;0692336P;Secteur est de Lyon;45.7858821061;4.92637767698
1;69;VAULX EN VELIN;CLG;JACQUES DUCLOS;0691793Z;Secteur est de Lyon;45.7858821061;4.92637767698
1;69;VAULX EN VELIN;CLG;PIERRE VALDO;0690249W;Secteur est de Lyon;45.7858821061;4.92637767698
0;69;VAULX EN VELIN;LP;LES CANUTS;0693045K;Secteur est de Lyon;45.7858821061;4.92637767698
1;69;VAULX EN VELIN;LYC;ROBERT DOISNEAU;0693619J;Secteur est de Lyon;45.7858821061;4.92637767698
0;69;VAULX EN VELIN;SEGPA;CLG AIME CESAIRE;0691667M;Secteur est de Lyon;45.7858821061;4.92637767698
0;69;VAULX EN VELIN;SEGPA;CLG HENRI BARBUSSE;0692416B;Secteur est de Lyon;45.7858821061;4.92637767698
0;69;VENISSIEUX;CLG;ELSA TRIOLET;0692343X;Secteur est de Lyon;45.7037728826;4.88137668221
0;69;VENISSIEUX;CLG;HONORE DE BALZAC;0691480J;Secteur est de Lyon;45.7037728826;4.88137668221
2;69;VENISSIEUX;CLG;JULES MICHELET;0690094C;Secteur est de Lyon;45.7037728826;4.88137668221
1;69;VENISSIEUX;CLG;LOUIS ARAGON;691799 F;Secteur est de Lyon;45.7037728826;4.88137668221
1;69;VENISSIEUX;CLG;PAUL ELUARD;691730 F;Secteur est de Lyon;45.7037728826;4.88137668221
0;69;VENISSIEUX;LP;HELENE BOUCHER;0690093B;Secteur est de Lyon;45.7037728826;4.88137668221
0;69;VENISSIEUX;LP;MARC SEGUIN;0692418D;Secteur est de Lyon;45.7037728826;4.88137668221
1;69;VENISSIEUX;LYC;JACQUES BREL;0692717D;Secteur est de Lyon;45.7037728826;4.88137668221
1;69;VENISSIEUX;LYC;MARCEL SEMBAT;0690104N;Secteur est de Lyon;45.7037728826;4.88137668221
0;69;VENISSIEUX;SEGPA;CLG ELSA TRIOLET;0692344Y;Secteur est de Lyon;45.7037728826;4.88137668221
0;69;VENISSIEUX;SEGPA;CLG LOUIS ARAGON;0692519N;Secteur est de Lyon;45.7037728826;4.88137668221
0;69;VENISSIEUX;SEP;LPO JACQUES BREL;0694210B;Secteur est de Lyon;45.7037728826;4.88137668221
0;69;VILLEFRANCHE SUR SAONE;CLG;CLAUDE BERNARD;0692699J;Villefranche sur saone et environs;45.9874596667;4.73174007305
0;69;VILLEFRANCHE SUR SAONE;CLG;FAUBERT;0691645N;Villefranche sur saone et environs;45.9874596667;4.73174007305
1;69;VILLEFRANCHE SUR SAONE;CLG;JEAN MOULIN;0690099H;Villefranche sur saone et environs;45.9874596667;4.73174007305
1;69;VILLEFRANCHE SUR SAONE;LYC;CLAUDE BERNARD;690097 F;Villefranche sur saone et environs;45.9874596667;4.73174007305
0;69;VILLEFRANCHE SUR SAONE;LYC;LOUIS ARMAND;0691644M;Villefranche sur saone et environs;45.9874596667;4.73174007305
0;69;VILLEFRANCHE SUR SAONE;SEGPA;CLG JEAN MOULIN;0693047M;Villefranche sur saone et environs;45.9874596667;4.73174007305
0;69;VILLEFRANCHE SUR SAONE;SEP;LPO CLAUDE BERNARD;0693770Y;Villefranche sur saone et environs;45.9874596667;4.73174007305
0;69;VILLEFRANCHE SUR SAONE;SEP;LPO LOUIS ARMAND;0693857T;Villefranche sur saone et environs;45.9874596667;4.73174007305
0;69;VILLEURBANNE;CLG;DU TONKIN;0693093M;Secteur est de Lyon;45.7707704179;4.88845817426
0;69;VILLEURBANNE;CLG;JEAN JAURES;0691664J;Secteur est de Lyon;45.7707704179;4.88845817426
0;69;VILLEURBANNE;CLG;JEAN MACE;0691478G;Secteur est de Lyon;45.7707704179;4.88845817426
0;69;VILLEURBANNE;CLG;LAMARTINE;0692337R;Secteur est de Lyon;45.7707704179;4.88845817426
0;69;VILLEURBANNE;CLG;LES IRIS;0690280E;Secteur est de Lyon;45.7707704179;4.88845817426
0;69;VILLEURBANNE;CLG;LOUIS JOUVET;0691675W;Secteur est de Lyon;45.7707704179;4.88845817426
0;69;VILLEURBANNE;CLG;MORICE LEROUX;0692155T;Secteur est de Lyon;45.7707704179;4.88845817426
0;69;VILLEURBANNE;CLG;RUE DES JARDINS;0694296V;Secteur est de Lyon;45.7707704179;4.88845817426
0;69;VILLEURBANNE;EREA;RENE PELLET;0692390Y;Secteur est de Lyon;45.7707704179;4.88845817426
0;69;VILLEURBANNE;LP;ALFRED DE MUSSET;0690107S;Secteur est de Lyon;45.7707704179;4.88845817426
0;69;VILLEURBANNE;LP;MAGENTA;0690047B;Secteur est de Lyon;45.7707704179;4.88845817426
0;69;VILLEURBANNE;LP;MARIE CURIE;0690109U;Secteur est de Lyon;45.7707704179;4.88845817426
1;69;VILLEURBANNE;LYC;FREDERIC FAYS;0690103M;Secteur est de Lyon;45.7707704179;4.88845817426
0;69;VILLEURBANNE;LYC;PIERRE BROSSOLETTE;0690132U;Secteur est de Lyon;45.7707704179;4.88845817426
0;69;VILLEURBANNE;SEGPA;CLG JEAN JAURES;0691665K;Secteur est de Lyon;45.7707704179;4.88845817426
0;69;VILLEURBANNE;SEGPA;CLG LOUIS JOUVET;0693128A;Secteur est de Lyon;45.7707704179;4.88845817426
0;69;VILLEURBANNE;SEGPA;CLG M�OICE LEROUX;0692156U;Secteur est de Lyon;45.7707704179;4.88845817426
0;69;VILLEURBANNE;SEP;LPO FREDERIC FAYS;0690106R;Secteur est de Lyon;45.7707704179;4.88845817426
0;69;VILLIE MORGON;CLG;JEAN CLAUDE RUET;0690117C;Beaujeu et environs;46.1597734434;4.67110459009
0;42;ANDREZIEUX BOUTHEON;CLG;JACQUES PREVERT;0421487N;Saint Etienne et communes nord;45.5349913099;4.27650426979
0;42;ANDREZIEUX BOUTHEON;LP;PIERRE DESGRANGES;0421691K;Saint Etienne et communes nord;45.5349913099;4.27650426979
0;42;ANDREZIEUX BOUTHEON;LYC;FRANCOIS MAURIAC-FOREZ;0421976V;Saint Etienne et communes nord;45.5349913099;4.27650426979
0;42;ANDREZIEUX BOUTHEON;SEGPA;CLG JACQUES PREVERT;0421488P;Saint Etienne et communes nord;45.5349913099;4.27650426979
0;42;BALBIGNY;CLG;MONTAIGNE;0421455D;Feurs et communes forez;45.8294764785;4.18332533699
0;42;BOEN-SUR-LIGNON;CLG;L’ASTREE;0421085B;Boen et environs & Montbrison et communes forez ouest;45.748516;4.004965
0;42;BOEN-SUR-LIGNON;LYC;L’ASTREE;0422132P;Boen et environs & Montbrison et communes forez ouest;45.748516;4.004965
0;42;BOURG ARGENTAL;CLG;DU PILAT;0420003A;Saint Etienne et communes sud ouest;45.3037339216;4.56653101213
0;42;CHARLIEU;CLG;MICHEL SERVET;421572 F;Roanne et environs;46.166320434;4.17407848439
0;42;CHARLIEU;LYC;JEREMIE DE LA RUE;420008 F;Roanne et environs;46.166320434;4.17407848439
0;42;CHARLIEU;SEP;LPO JEREMIE DE LA RUE;0422180S;Roanne et environs;46.166320434;4.17407848439
0;42;CHAZELLES SUR LYON;CLG;JACQUES BREL;0420011J;Saint Etienne et communes nord;45.6292859414;4.37386809116
0;42;CHAZELLES SUR LYON;LYC;DES HORIZONS;0422284E;Saint Etienne et communes nord;45.6292859414;4.37386809116
0;42;FEURS;CLG;LE PALAIS;0420012K;Feurs et communes forez;45.7323040855;4.22324153789
0;42;FEURS;LYC;DU FOREZ;0421788R;Feurs et communes forez;45.7323040855;4.22324153789
0;42;FIRMINY;CLG;LES BRUNEAUX;0421570D;Saint Etienne et communes sud ouest;45.3788146093;4.28879456136
0;42;FIRMINY;CLG;WALDECK-ROUSSEAU;0421681Z;Saint Etienne et communes sud ouest;45.3788146093;4.28879456136
0;42;FIRMINY;LP;ALBERT CAMUS;0420074C;Saint Etienne et communes sud ouest;45.3788146093;4.28879456136
0;42;FIRMINY;LP;JACOB HOLTZER;0420073B;Saint Etienne et communes sud ouest;45.3788146093;4.28879456136
0;42;FIRMINY;LYC;ALBERT CAMUS;0420013L;Saint Etienne et communes sud ouest;45.3788146093;4.28879456136
0;42;FIRMINY;LYC;JACOB HOLTZER;0420014M;Saint Etienne et communes sud ouest;45.3788146093;4.28879456136
0;42;FIRMINY;SEGPA;CLG LES BRUNEAUX;0421571E;Saint Etienne et communes sud ouest;45.3788146093;4.28879456136
0;42;LA GRAND CROIX;CLG;CHARLES EXBRAYAT;0421086C;Saint Etienne et communes nord est;45.5040795864;4.55860381813
0;42;LA PACAUDIERE;CLG;JEAN PAPON;0421456E;Roanne et environs;46.1848662423;3.88005761466
0;42;LA RICAMARIE;CLG;JULES VALLES;0421689H;Saint Etienne et communes sud ouest;45.4033695674;4.36890566227
0;42;LA TALAUDIERE;CLG;PIERRE ET MARIE CURIE;0421171V;Saint Etienne et communes nord est;45.4783411216;4.42393692912
0;42;LE CHAMBON FEUGEROLLES;CLG;MASSENET FOURNEYRON;0421919H;Saint Etienne et communes sud ouest;45.3886064564;4.33196255695
0;42;LE CHAMBON FEUGEROLLES;LP;ADRIEN TESTUD;0421606T;Saint Etienne et communes sud ouest;45.3886064564;4.33196255695
0;42;LE CHAMBON FEUGEROLLES;SEGPA;CLG MASSENET FOURNEYRON;0421522B;Saint Etienne et communes sud ouest;45.3886064564;4.33196255695
0;42;LE COTEAU;CLG;LES ETINES;0421084A;Roanne et environs;46.0172302823;4.09095787437
0;42;LE COTEAU;LP;ETIENNE LEGRAND;0421489R;Roanne et environs;46.0172302823;4.09095787437
0;42;LE COTEAU;SEGPA;CLG LES ETINES;0421175Z;Roanne et environs;46.0172302823;4.09095787437
0;42;MABLY;CLG;LOUIS ARAGON;0421852K;Roanne et environs;46.0919456873;4.0633211833
0;42;MABLY;CLG;LOUIS ARAGON;0421852K;Roanne et environs;46.0919456873;4.0633211833
0;42;MABLY;SEGPA;CLG LOUIS ARAGON;0421854M;Roanne et environs;46.0919456873;4.0633211833
0;42;MABLY;SEGPA;CLG LOUIS ARAGON;0421854M;Roanne et environs;46.0919456873;4.0633211833
0;42;MONTBRISON;CLG;MARIO MEUNIER;0421454C;Montbrison et communes forez ouest;45.6008365515;4.0713982073
0;42;MONTBRISON;CLG;MARIO MEUNIER;0421454C;Montbrison et communes forez ouest;45.6008365515;4.0713982073
0;42;MONTBRISON;LP;BEAUREGARD;0420075D;Montbrison et communes forez ouest;45.6008365515;4.0713982073
0;42;MONTBRISON;LP;BEAUREGARD;0420075D;Montbrison et communes forez ouest;45.6008365515;4.0713982073
0;42;MONTBRISON;LYC;BEAUREGARD;0420018S;Montbrison et communes forez ouest;45.6008365515;4.0713982073
0;42;MONTBRISON;LYC;BEAUREGARD;0420018S;Montbrison et communes forez ouest;45.6008365515;4.0713982073
0;42;MONTBRISON;SEGPA;CLG MARIO MEUNIER;0421878N;Montbrison et communes forez ouest;45.6008365515;4.0713982073
0;42;MONTBRISON;SEGPA;CLG MARIO MEUNIER;0421878N;Montbrison et communes forez ouest;45.6008365515;4.0713982073
0;42;NERONDE;LP;PIERRE COTON;0420021V;Feurs et communes forez;45.8360580562;4.23058831333
0;42;NOIRETABLE;CLG;ROBERT SCHUMAN;0420022W;Boen et environs;45.805483325;3.7440778928
0;42;PANISSIERES;CLG;DES MONTAGNES DU MATIN;0420023X;Feurs et communes forez;45.7937087884;4.34408742272
0;42;PELUSSIN;CLG;GASTON BATY;0420024Y;Givors et environs;45.4230806352;4.65991656851
0;42;REGNY;CLG;NICOLAS CONTE;0421490S;Roanne et environs;45.9973316564;4.21374559587
0;42;RENAISON;CLG;DE LA COTE ROANNAISE;0421735H;Roanne et environs;46.0476606321;3.90857597535
0;42;RIORGES;CLG;ALBERT SCHWEITZER;421457 F;Roanne et environs;46.0429114311;4.03375590925
0;42;RIVE DE GIER;CLG;FRANCOIS TRUFFAUT;0421172W;Saint Etienne et communes nord est;45.5232368969;4.61000981421
0;42;RIVE DE GIER;CLG;LOUISE MICHEL;0421680Y;Saint Etienne et communes nord est;45.5232368969;4.61000981421
0;42;RIVE DE GIER;LP;RENE CASSIN;0420029D;Saint Etienne et communes nord est;45.5232368969;4.61000981421
0;42;RIVE DE GIER;LYC;GEORGES BRASSENS;0420027B;Saint Etienne et communes nord est;45.5232368969;4.61000981421
0;42;RIVE DE GIER;SEGPA;CLG FRANCOIS TRUFFAUT;0421450Y;Saint Etienne et communes nord est;45.5232368969;4.61000981421
0;42;RIVE DE GIER;SEP;LPO GEORGES BRASSENS;0422023W;Saint Etienne et communes nord est;45.5232368969;4.61000981421
0;42;ROANNE;CLG;ALBERT THOMAS;0421684C;Roanne et environs;46.0449112487;4.0797045647
0;42;ROANNE;CLG;JEAN DE LA FONTAINE;0420035K;Roanne et environs;46.0449112487;4.0797045647
0;42;ROANNE;CLG;JULES FERRY;0421683B;Roanne et environs;46.0449112487;4.0797045647
0;42;ROANNE;LP;ALBERT THOMAS;420077 F;Roanne et environs;46.0449112487;4.0797045647
0;42;ROANNE;LP;CARNOT;0420076E;Roanne et environs;46.0449112487;4.0797045647
0;42;ROANNE;LYC;ALBERT THOMAS;0420033H;Roanne et environs;46.0449112487;4.0797045647
1;42;ROANNE;LYC;CARNOT;0420034J;Roanne et environs;46.0449112487;4.0797045647
0;42;ROANNE;LYC;JEAN PUY;420031 F;Roanne et environs;46.0449112487;4.0797045647
0;42;ROANNE;SEGPA;CLG JEAN DE LA FONTAINE;0421077T;Roanne et environs;46.0449112487;4.0797045647
0;42;ROCHE LA MOLIERE;CLG;LOUIS GRUNER;0421174Y;Saint Etienne et communes sud ouest;45.4259230436;4.32495559821
0;42;SAINT BONNET LE CHATEAU;CLG;EMILE FALABREGUE;0420038N;Saint Etienne et communes sud ouest;45.423719;4.065968
0;42;SAINT CHAMOND;CLG;ENNEMOND RICHARD;0420968Z;Saint Etienne et communes nord est;45.472522;4.513262
P;42;SAINT CHAMOND;CLG;JEAN ROSTAND;0421688G;Saint Etienne et communes nord est;45.472522;4.513262
1;42;SAINT CHAMOND;CLG;PIERRE JOANNON;0421486M;Saint Etienne et communes nord est;45.472522;4.513262
0;42;SAINT CHAMOND;LP;CLAUDE LEBOIS;0420078G;Saint Etienne et communes nord est;45.472522;4.513262
0;42;SAINT CHAMOND;LP;HOTELIER;0421736J;Saint Etienne et communes nord est;45.472522;4.513262
0;42;SAINT CHAMOND;LYC;CLAUDE LEBOIS;0420040R;Saint Etienne et communes nord est;45.472522;4.513262
0;42;SAINT CHAMOND;SEGPA;CLG ENNEMOND RICHARD;0421453B;Saint Etienne et communes nord est;45.472522;4.513262
1;42;SAINT ETIENNE;CLG;ARISTIDE BRIAND;0421569C;Saint Etienne et communes nord, communes sud ouest et communes nord est;45.444808;4.389809
1;42;SAINT ETIENNE;CLG;CLAUDE FAURIEL;0421677V;Saint Etienne et communes nord, communes sud ouest et communes nord est;45.444808;4.389809
0;42;SAINT ETIENNE;CLG;GAMBETTA;0421452A;Saint Etienne et communes nord, communes sud ouest et communes nord est;45.444808;4.389809
0;42;SAINT ETIENNE;CLG;HONORE D’URFE;0421678W;Saint Etienne et communes nord, communes sud ouest et communes nord est;45.444808;4.389809
0;42;SAINT ETIENNE;CLG;JEAN DASTE;0421686E;Saint Etienne et communes nord, communes sud ouest et communes nord est;45.444808;4.389809
0;42;SAINT ETIENNE;CLG;JULES VALLES;0421176A;Saint Etienne et communes nord, communes sud ouest et communes nord est;45.444808;4.389809
1;42;SAINT ETIENNE;CLG;LE PORTAIL ROUGE;0421679X;Saint Etienne et communes nord, communes sud ouest et communes nord est;45.444808;4.389809
P;42;SAINT ETIENNE;CLG;LES CHAMPS;0420058K;Saint Etienne et communes nord, communes sud ouest et communes nord est;45.444808;4.389809
0;42;SAINT ETIENNE;CLG;MARC SEGUIN;0421451Z;Saint Etienne et communes nord, communes sud ouest et communes nord est;45.444808;4.389809
0;42;SAINT ETIENNE;CLG;PUITS DE LA LOIRE;0420916T;Saint Etienne et communes nord, communes sud ouest et communes nord est;45.444808;4.389809
0;42;SAINT ETIENNE;LP;BENOIT CHARVET;0420049A;Saint Etienne et communes nord, communes sud ouest et communes nord est;45.444808;4.389809
0;42;SAINT ETIENNE;LP;BENOIT FOURNEYRON;0420958N;Saint Etienne et communes nord, communes sud ouest et communes nord est;45.444808;4.389809
0;42;SAINT ETIENNE;LP;ETIENNE MIMARD;0420079H;Saint Etienne et communes nord, communes sud ouest et communes nord est;45.444808;4.389809
0;42;SAINT ETIENNE;LYC;CLAUDE FAURIEL;0420041S;Saint Etienne et communes nord, communes sud ouest et communes nord est;45.444808;4.389809
0;42;SAINT ETIENNE;LYC;ETIENNE MIMARD;0420046X;Saint Etienne et communes nord, communes sud ouest et communes nord est;45.444808;4.389809
0;42;SAINT ETIENNE;LYC;HONORE D’URFE;0420042T;Saint Etienne et communes nord, communes sud ouest et communes nord est;45.444808;4.389809
1+P;42;SAINT ETIENNE;LYC;JEAN MONNET;0420043U;Saint Etienne et communes nord, communes sud ouest et communes nord est;45.444808;4.389809
0;42;SAINT ETIENNE;SEGPA;CLG JEAN DASTE;421687 F;Saint Etienne et communes nord, communes sud ouest et communes nord est;45.444808;4.389809
0;42;SAINT ETIENNE;SEGPA;CLG JULES VALLES;0421209L;Saint Etienne et communes nord, communes sud ouest et communes nord est;45.444808;4.389809
0;42;SAINT ETIENNE;SEGPA;CLG MARC SEGUIN;0421485L;Saint Etienne et communes nord, communes sud ouest et communes nord est;45.444808;4.389809
0;42;SAINT ETIENNE;SEGPA;CLG PUITS DE LA LOIRE;0420967Y;Saint Etienne et communes nord, communes sud ouest et communes nord est;45.444808;4.389809
0;42;SAINT GALMIER;CLG;JULES ROMAINS;0421607U;Saint Etienne et communes nord;45.595869;4.317967
0;42;SAINT GALMIER;SEGPA;CLG JULES ROMAINS;0421856P;Saint Etienne et communes nord;45.595869;4.317967
0;42;SAINT GERMAIN LAVAL;CLG;PAPIRE MASSON;0420060M;Boen et environs;45.831639;4.016767
0;42;SAINT JUST EN CHEVALET;CLG;LE BREUIL;0420062P;Boen et environs;45.915093;3.842747
0;42;SAINT JUST ST RAMBERT;CLG;ANNE FRANK;0421734G;Saint Etienne et communes nord;45.498039;4.242449
0;42;SAINT PRIEST EN JAREZ;LYC;SIMONE WEIL;0420044V;Saint Etienne et communes nord;45.475089;4.374664
0;42;SAINT ROMAIN LE PUY;CLG;LEONARD DE VINCI;0422136U;Montbrison et communes forez ouest;45.557577;4.129939
0;42;SORBIERS;EREA;NELSON MANDELA;0421608V;Saint Etienne et communes nord est;45.4997083615;4.43728891788
0;42;UNIEUX;CLG;LE BOIS DE LA RIVE;0421068H;Saint Etienne et communes sud ouest;45.4069770909;4.2690668711
0;42;VEAUCHE;CLG;ANTOINE GUICHARD;0422293P;Saint Etienne et communes nord;45.5621736685;4.28985644507
0;42;VERRIERES EN FOREZ;LP;DU HAUT FOREZ;0420065T;Montbrison et communes forez ouest;45.5680113401;3.98919241451